,maxSize,minSize,type,seeRange,seeChance,seeTime,rgb,speed,isCannibal
0,70,20,Herbivore,300,0.0002777777777777778,300.0,"[0, -10, -12]",50,False
1,80,20,Herbivore,300,0.0002777777777777778,300.0,"[0, 8, 0]",51,False
2,80,20,Herbivore,300,0.0,300.0,"[-19, 10, -16]",50,False
3,70,25,Herbivore,300,0.0002777777777777778,300.0,"[0, 0, 0]",50,True
