,maxSize,minSize,type,seeRange,seeChance,seeTime,rgb,speed,isCannibal
0,71,23,Herbivore,300,0.07494869589419463,300.0,"[0, 0, 9]",50,False
1,80,20,Herbivore,300,0.0002777777777777778,294.0,"[0, 0, 0]",50,False
2,80,20,Herbivore,300,0.0002777777777777778,300.0,"[0, 0, 0]",50,False
3,71,23,Herbivore,300,0.07494869589419463,320.0,"[0, 0, 9]",50,False
4,71,23,Herbivore,272,0.07494869589419463,300.0,"[0, 0, 9]",50,False
5,71,27,Herbivore,300,0.07494869589419463,300.0,"[0, 0, 9]",50,True
6,77,20,Herbivore,300,0.0,291.0,"[0, 0, 0]",50,True
7,80,15,Herbivore,300,0.0002777777777777778,271.0,"[0, 0, 0]",50,False
8,91,17,Carnivore,300,0.0002777777777777778,294.0,"[0, 0, 0]",58,True
